Value1,Value2,Result
26,44,0.5909090909
17,19,0.8947368421
27,26,1.038461538
16,24,0.6666666667
19,10,1.9
44,40,1.1
28,5,5.6
47,23,2.043478261
17,23,0.7391304348
42,11,3.818181818
25,11,2.272727273
46,33,1.393939394
39,15,2.6
22,48,0.4583333333
0,11,0
48,19,2.526315789
44,17,2.588235294
35,28,1.25
25,9,2.777777778
29,8,3.625
13,15,0.8666666667